Variable,Bloque,Método,Año,Observado,Predicho,Error,Error_absoluto,Error_cuadrado,Prediccion_negativa
Bagazo de caña,2008–2011,Lineal_original,2008,879.5053613612372,920.2248141345394,40.71945277330224,40.71945277330224,1658.0738341571912,FALSE
Bagazo de caña,2008–2011,Lineal_original,2009,874.7583496593921,919.4932239016478,44.734874242255614,44.734874242255614,2001.2089734704248,FALSE
Bagazo de caña,2008–2011,Lineal_original,2010,886.8591210980034,918.7616336687558,31.902512570752492,31.902512570752492,1017.7703083270208,FALSE
Bagazo de caña,2008–2011,Lineal_original,2011,842.5662912460658,918.0300434358642,75.46375218979836,75.46375218979836,5694.777894563296,FALSE
Bagazo de caña,2008–2011,Lineal_log,2008,879.5053613612372,918.7544441671339,39.249082805896705,39.249082805896705,1540.4905011041365,FALSE
Bagazo de caña,2008–2011,Lineal_log,2009,874.7583496593921,917.9504020378499,43.19205237845779,43.19205237845779,1865.5533886634412,FALSE
Bagazo de caña,2008–2011,Lineal_log,2010,886.8591210980034,917.1470627958954,30.28794169789205,30.28794169789205,917.3594122949081,FALSE
Bagazo de caña,2008–2011,Lineal_log,2011,842.5662912460658,916.3444258268123,73.7781345807465,73.7781345807465,5443.213142214742,FALSE
Bagazo de caña,2008–2011,Media_ultimos_3,2008,879.5053613612372,896.299787840384,16.794426479146864,16.794426479146864,282.05276076346934,FALSE
Bagazo de caña,2008–2011,Media_ultimos_3,2009,874.7583496593921,896.299787840384,21.541438180991918,21.541438180991918,464.03355890549636,FALSE
Bagazo de caña,2008–2011,Media_ultimos_3,2010,886.8591210980034,896.299787840384,9.4406667423807,9.4406667423807,89.12618854069301,FALSE
Bagazo de caña,2008–2011,Media_ultimos_3,2011,842.5662912460658,896.299787840384,53.73349659431824,53.73349659431824,2887.28865625161,FALSE
Bagazo de caña,2008–2011,missForest_con_Año,2008,879.5053613612372,924.9981928242382,45.49283146300104,45.49283146300104,2069.597714521017,FALSE
Bagazo de caña,2008–2011,missForest_con_Año,2009,874.7583496593921,924.9981928242382,50.23984316484609,50.23984316484609,2524.0418412283325,FALSE
Bagazo de caña,2008–2011,missForest_con_Año,2010,886.8591210980034,924.9981928242382,38.139071726234874,38.139071726234874,1454.5887921388885,FALSE
Bagazo de caña,2008–2011,missForest_con_Año,2011,842.5662912460658,924.9981928242382,82.43190157817241,82.43190157817241,6795.018397793504,FALSE
Bagazo de caña,2009–2012,Lineal_original,2009,874.7583496593921,901.395689335729,26.637339676336865,26.637339676336865,709.5478650325501,FALSE
Bagazo de caña,2009–2012,Lineal_original,2010,886.8591210980034,897.9494689179492,11.090347819945805,11.090347819945805,122.99581476737667,FALSE
Bagazo de caña,2009–2012,Lineal_original,2011,842.5662912460658,894.5032485001693,51.936957254103504,51.936957254103504,2697.4475288145745,FALSE
Bagazo de caña,2009–2012,Lineal_original,2012,927.6029601359252,891.0570280823895,-36.545932053535694,36.545932053535694,1335.6051496616476,FALSE
Bagazo de caña,2009–2012,Lineal_log,2009,874.7583496593921,900.310318608069,25.55196894867686,25.55196894867686,652.9031171541463,FALSE
Bagazo de caña,2009–2012,Lineal_log,2010,886.8591210980034,896.9080411433042,10.04892004530086,10.04892004530086,100.98079407684945,FALSE
Bagazo de caña,2009–2012,Lineal_log,2011,842.5662912460658,893.5186066380703,50.95231539200449,50.95231539200449,2596.138443806298,FALSE
Bagazo de caña,2009–2012,Lineal_log,2012,927.6029601359252,890.1419666126044,-37.46099352332078,37.46099352332078,1403.3260357542815,FALSE
Bagazo de caña,2009–2012,Media_ultimos_3,2009,874.7583496593921,883.3707825258703,8.612432866478116,8.612432866478116,74.17399987959246,FALSE
Bagazo de caña,2009–2012,Media_ultimos_3,2010,886.8591210980034,883.3707825258703,-3.4883385721331024,3.4883385721331024,12.168505993831612,FALSE
Bagazo de caña,2009–2012,Media_ultimos_3,2011,842.5662912460658,883.3707825258703,40.80449127980444,40.80449127980444,1665.0065086036363,FALSE
Bagazo de caña,2009–2012,Media_ultimos_3,2012,927.6029601359252,883.3707825258703,-44.23217761005492,44.23217761005492,1956.4855361274438,FALSE
Bagazo de caña,2009–2012,missForest_con_Año,2009,874.7583496593921,918.8928552005669,44.1345055411748,44.1345055411748,1947.8545793639894,FALSE
Bagazo de caña,2009–2012,missForest_con_Año,2010,886.8591210980034,918.8928552005669,32.033734102563585,32.033734102563585,1026.1601205537452,FALSE
Bagazo de caña,2009–2012,missForest_con_Año,2011,842.5662912460658,918.8928552005669,76.32656395450113,76.32656395450113,5825.744365100551,FALSE
Bagazo de caña,2009–2012,missForest_con_Año,2012,927.6029601359252,918.8928552005669,-8.710104935358231,8.710104935358231,75.86592798495181,FALSE
Bagazo de caña,2010–2013,Lineal_original,2010,886.8591210980034,887.2945330474158,0.43541194941246886,0.43541194941246886,0.18958356569116633,FALSE
Bagazo de caña,2010–2013,Lineal_original,2011,842.5662912460658,882.3953668291106,39.829075583044755,39.829075583044755,1586.3552617998919,FALSE
Bagazo de caña,2010–2013,Lineal_original,2012,927.6029601359252,877.4962006108035,-50.106759525121674,50.106759525121674,2510.6873501083714,FALSE
Bagazo de caña,2010–2013,Lineal_original,2013,870.2331730685305,872.5970343924964,2.3638613239659207,2.3638613239659207,5.587840358941916,FALSE
Bagazo de caña,2010–2013,Lineal_log,2010,886.8591210980034,886.6379020633914,-0.2212190346119769,0.2212190346119769,0.048937861274655034,FALSE
Bagazo de caña,2010–2013,Lineal_log,2011,842.5662912460658,881.9011454493526,39.334854203286795,39.334854203286795,1547.2307551938288,FALSE
Bagazo de caña,2010–2013,Lineal_log,2012,927.6029601359252,877.1896658803436,-50.413294255581604,50.413294255581604,2541.5002376998573,FALSE
Bagazo de caña,2010–2013,Lineal_log,2013,870.2331730685305,872.5033284689177,2.270155400387239,2.270155400387239,5.1536055419073445,FALSE
Bagazo de caña,2010–2013,Media_ultimos_3,2010,886.8591210980034,883.5587982930111,-3.30032280499222,3.30032280499222,10.892130617151714,FALSE
Bagazo de caña,2010–2013,Media_ultimos_3,2011,842.5662912460658,883.5587982930111,40.99250704694532,40.99250704694532,1680.3856339938618,FALSE
Bagazo de caña,2010–2013,Media_ultimos_3,2012,927.6029601359252,883.5587982930111,-44.044161842914036,44.044161842914036,1939.8881924448046,FALSE
Bagazo de caña,2010–2013,Media_ultimos_3,2013,870.2331730685305,883.5587982930111,13.325625224480632,13.325625224480632,177.57228762331448,FALSE
Bagazo de caña,2010–2013,missForest_con_Año,2010,886.8591210980034,903.4290244511698,16.56990335316641,16.56990335316641,274.56169713327546,FALSE
Bagazo de caña,2010–2013,missForest_con_Año,2011,842.5662912460658,906.1666565034415,63.60036525737564,63.60036525737564,4045.0064608715948,FALSE
Bagazo de caña,2010–2013,missForest_con_Año,2012,927.6029601359252,904.4344493727829,-23.168510763142308,23.168510763142308,536.7798909818409,FALSE
Bagazo de caña,2010–2013,missForest_con_Año,2013,870.2331730685305,906.3441558212857,36.11098275275515,36.11098275275515,1304.00307536978,FALSE
Bagazo de caña,2011–2014,Lineal_original,2011,842.5662912460658,882.2370352111429,39.67074396507712,39.67074396507712,1573.767926742703,FALSE
Bagazo de caña,2011–2014,Lineal_original,2012,927.6029601359252,877.318077540589,-50.28488259533617,50.28488259533617,2528.5694176267425,FALSE
Bagazo de caña,2011–2014,Lineal_original,2013,870.2331730685305,872.3991198700369,2.1659468015063794,2.1659468015063794,4.691325546955715,FALSE
Bagazo de caña,2011–2014,Lineal_original,2014,909.3132487740744,867.4801621994848,-41.83308657458963,41.83308657458963,1750.007132357111,FALSE
Bagazo de caña,2011–2014,Lineal_log,2011,842.5662912460658,881.9811531161433,39.414861870077516,39.414861870077516,1553.5313362372904,FALSE
Bagazo de caña,2011–2014,Lineal_log,2012,927.6029601359252,877.2791946939806,-50.3237654419446,50.3237654419446,2532.481368255858,FALSE
Bagazo de caña,2011–2014,Lineal_log,2013,870.2331730685305,872.6022746465604,2.3691015780299267,2.3691015780299267,5.612642287023889,FALSE
Bagazo de caña,2011–2014,Lineal_log,2014,909.3132487740744,867.9502596421632,-41.36298913191115,41.36298913191115,1710.8968699266,FALSE
Bagazo de caña,2011–2014,Media_ultimos_3,2011,842.5662912460658,880.3742773728776,37.807986126811784,37.807986126811784,1429.4438149651924,FALSE
Bagazo de caña,2011–2014,Media_ultimos_3,2012,927.6029601359252,880.3742773728776,-47.22868276304757,47.22868276304757,2230.548475532587,FALSE
Bagazo de caña,2011–2014,Media_ultimos_3,2013,870.2331730685305,880.3742773728776,10.141104304347095,10.141104304347095,102.84199651164718,FALSE
Bagazo de caña,2011–2014,Media_ultimos_3,2014,909.3132487740744,880.3742773728776,-28.938971401196795,28.938971401196795,837.464065759286,FALSE
Bagazo de caña,2011–2014,missForest_con_Año,2011,842.5662912460658,898.9421645147462,56.37587326868038,56.37587326868038,3178.239086806311,FALSE
Bagazo de caña,2011–2014,missForest_con_Año,2012,927.6029601359252,899.0653984405154,-28.53756169540975,28.53756169540975,814.3924275193177,FALSE
Bagazo de caña,2011–2014,missForest_con_Año,2013,870.2331730685305,899.9923581598428,29.759185091312247,29.759185091312247,885.6090972989812,FALSE
Bagazo de caña,2011–2014,missForest_con_Año,2014,909.3132487740744,897.523116894805,-11.790131879269438,11.790131879269438,139.0072097305655,FALSE
Bagazo de caña,2012–2015,Lineal_original,2012,927.6029601359252,864.0944962188896,-63.508463917035556,63.508463917035556,4033.324989101407,FALSE
Bagazo de caña,2012–2015,Lineal_original,2013,870.2331730685305,857.649740703524,-12.583432365006502,12.583432365006502,158.34277008469311,FALSE
Bagazo de caña,2012–2015,Lineal_original,2014,909.3132487740744,851.2049851881602,-58.10826358591419,58.10826358591419,3376.5702969700806,FALSE
Bagazo de caña,2012–2015,Lineal_original,2015,772.2741489713304,844.7602296727946,72.48608070146418,72.48608070146418,5254.231895459177,FALSE
Bagazo de caña,2012–2015,Lineal_log,2012,927.6029601359252,864.0114498006839,-63.59151033524131,63.59151033524131,4043.8801867171023,FALSE
Bagazo de caña,2012–2015,Lineal_log,2013,870.2331730685305,857.8953266018954,-12.337846466635142,12.337846466635142,152.22245543426126,FALSE
Bagazo de caña,2012–2015,Lineal_log,2014,909.3132487740744,851.8224478745992,-57.490800899475175,57.490800899475175,3305.1921880630957,FALSE
Bagazo de caña,2012–2015,Lineal_log,2015,772.2741489713304,845.7925078557761,73.51835888444566,73.51835888444566,5404.9490930621505,FALSE
Bagazo de caña,2012–2015,Media_ultimos_3,2012,927.6029601359252,868.0612540011538,-59.5417061347714,59.5417061347714,3545.2147694394744,FALSE
Bagazo de caña,2012–2015,Media_ultimos_3,2013,870.2331730685305,868.0612540011538,-2.1719190673767343,2.1719190673767343,4.7172324352346235,FALSE
Bagazo de caña,2012–2015,Media_ultimos_3,2014,909.3132487740744,868.0612540011538,-41.251994772920625,41.251994772920625,1701.7270727450705,FALSE
Bagazo de caña,2012–2015,Media_ultimos_3,2015,772.2741489713304,868.0612540011538,95.78710502982335,95.78710502982335,9175.16948999441,FALSE
Bagazo de caña,2012–2015,missForest_con_Año,2012,927.6029601359252,886.7907235892088,-40.81223654671635,40.81223654671635,1665.6386519451296,FALSE
Bagazo de caña,2012–2015,missForest_con_Año,2013,870.2331730685305,886.2043577504387,15.971184681908198,15.971184681908198,255.0787401436191,FALSE
Bagazo de caña,2012–2015,missForest_con_Año,2014,909.3132487740744,885.8579779790889,-23.455270794985495,23.455270794985495,550.1497280660994,FALSE
Bagazo de caña,2012–2015,missForest_con_Año,2015,772.2741489713304,885.4689672993884,113.19481832805798,113.19481832805798,12813.06689632205,FALSE
Bagazo de caña,2013–2016,Lineal_original,2013,870.2331730685305,877.1908065241569,6.957633455626365,6.957633455626365,48.40866330285127,FALSE
Bagazo de caña,2013–2016,Lineal_original,2014,909.3132487740744,872.8397366324298,-36.47351214164462,36.47351214164462,1330.3170879466975,FALSE
Bagazo de caña,2013–2016,Lineal_original,2015,772.2741489713304,868.4886667407045,96.21451776937408,96.21451776937408,9257.233429593201,FALSE
Bagazo de caña,2013–2016,Lineal_original,2016,875.004111801577,864.1375968489792,-10.866514952597754,10.866514952597754,118.08114721503057,FALSE
Bagazo de caña,2013–2016,Lineal_log,2013,870.2331730685305,876.848736101952,6.615563033421495,6.615563033421495,43.76567424917301,FALSE
Bagazo de caña,2013–2016,Lineal_log,2014,909.3132487740744,872.6826814007237,-36.63056737335069,36.63056737335069,1341.7984660935838,FALSE
Bagazo de caña,2013–2016,Lineal_log,2015,772.2741489713304,868.536397772872,96.26224880154155,96.26224880154155,9266.420544329887,FALSE
Bagazo de caña,2013–2016,Lineal_log,2016,875.004111801577,864.4097913897308,-10.594320411846184,10.594320411846184,112.23962498886068,FALSE
Bagazo de caña,2013–2016,Media_ultimos_3,2013,870.2331730685305,885.6761241599982,15.442951091467648,15.442951091467648,238.48473841346183,FALSE
Bagazo de caña,2013–2016,Media_ultimos_3,2014,909.3132487740744,885.6761241599982,-23.637124614076242,23.637124614076242,558.7136600213689,FALSE
Bagazo de caña,2013–2016,Media_ultimos_3,2015,772.2741489713304,885.6761241599982,113.40197518866773,113.40197518866773,12860.007976691213,FALSE
Bagazo de caña,2013–2016,Media_ultimos_3,2016,875.004111801577,885.6761241599982,10.67201235842117,10.67201235842117,113.89184777829419,FALSE
Bagazo de caña,2013–2016,missForest_con_Año,2013,870.2331730685305,895.0633165541661,24.83014348563563,24.83014348563563,616.5360255172535,FALSE
Bagazo de caña,2013–2016,missForest_con_Año,2014,909.3132487740744,894.1937922602577,-15.119456513816658,15.119456513816658,228.59796527319298,FALSE
Bagazo de caña,2013–2016,missForest_con_Año,2015,772.2741489713304,893.4320550291766,121.15790605784616,121.15790605784616,14679.238200321875,FALSE
Bagazo de caña,2013–2016,missForest_con_Año,2016,875.004111801577,889.862983138953,14.858871337376058,14.858871337376058,220.78605742069578,FALSE
Bagazo de caña,2014–2017,Lineal_original,2014,909.3132487740744,870.8518413593902,-38.46140741468423,38.46140741468423,1479.279860318327,FALSE
Bagazo de caña,2014–2017,Lineal_original,2015,772.2741489713304,866.3019819403617,94.02783296903124,94.02783296903124,8841.233372852037,FALSE
Bagazo de caña,2014–2017,Lineal_original,2016,875.004111801577,861.7521225213313,-13.251989280245652,13.251989280245652,175.61521988374568,FALSE
Bagazo de caña,2014–2017,Lineal_original,2017,1081.4563674931467,857.2022631023028,-224.25410439084385,224.25410439084385,50289.90333613949,FALSE
Bagazo de caña,2014–2017,Lineal_log,2014,909.3132487740744,870.7964056949631,-38.516843079111254,38.516843079111254,1483.5472007808805,FALSE
Bagazo de caña,2014–2017,Lineal_log,2015,772.2741489713304,866.4715645451056,94.19741557377517,94.19741557377517,8873.153100778502,FALSE
Bagazo de caña,2014–2017,Lineal_log,2016,875.004111801577,862.1681782336133,-12.835933567963707,12.835933567963707,164.7611905611775,FALSE
Bagazo de caña,2014–2017,Lineal_log,2017,1081.4563674931467,857.8861403264984,-223.57022716664824,223.57022716664824,49983.6464753467,FALSE
Bagazo de caña,2014–2017,Media_ultimos_3,2014,909.3132487740744,880.1341414835072,-29.17910729056723,29.17910729056723,851.4203022744338,FALSE
Bagazo de caña,2014–2017,Media_ultimos_3,2015,772.2741489713304,880.1341414835072,107.85999251217675,107.85999251217675,11633.777984726823,FALSE
Bagazo de caña,2014–2017,Media_ultimos_3,2016,875.004111801577,880.1341414835072,5.130029681930182,5.130029681930182,26.317204537484685,FALSE
Bagazo de caña,2014–2017,Media_ultimos_3,2017,1081.4563674931467,880.1341414835072,-201.3222260096395,201.3222260096395,40530.63868547637,FALSE
Bagazo de caña,2014–2017,missForest_con_Año,2014,909.3132487740744,886.4257228916252,-22.887525882449154,22.887525882449154,523.8388410197799,FALSE
Bagazo de caña,2014–2017,missForest_con_Año,2015,772.2741489713304,886.6169377396947,114.34278876836424,114.34278876836424,13074.273343326764,FALSE
Bagazo de caña,2014–2017,missForest_con_Año,2016,875.004111801577,885.2068597277369,10.202747926159873,10.202747926159873,104.09606524475959,FALSE
Bagazo de caña,2014–2017,missForest_con_Año,2017,1081.4563674931467,884.3200137676578,-197.1363537254889,197.1363537254889,38862.74196018108,FALSE
Bagazo de caña,2015–2018,Lineal_original,2015,772.2741489713304,876.5583572509468,104.28420827961634,104.28420827961634,10875.1960965064,FALSE
Bagazo de caña,2015–2018,Lineal_original,2016,875.004111801577,872.9700330172845,-2.034078784292433,2.034078784292433,4.137476500708582,FALSE
Bagazo de caña,2015–2018,Lineal_original,2017,1081.4563674931467,869.3817087836233,-212.07465870952342,212.07465870952342,44975.66086676084,FALSE
Bagazo de caña,2015–2018,Lineal_original,2018,1091.8178848885352,865.793384549961,-226.02450033857417,226.02450033857417,51087.07475330211,FALSE
Bagazo de caña,2015–2018,Lineal_log,2015,772.2741489713304,876.5303076684918,104.25615869716137,104.25615869716137,10869.346626287695,FALSE
Bagazo de caña,2015–2018,Lineal_log,2016,875.004111801577,873.1212800927162,-1.8828317088607491,1.8828317088607491,3.545055243891489,FALSE
Bagazo de caña,2015–2018,Lineal_log,2017,1081.4563674931467,869.7254958988624,-211.73087159428428,211.73087159428428,44829.9619860753,FALSE
Bagazo de caña,2015–2018,Lineal_log,2018,1091.8178848885352,866.3429036390729,-225.4749812494623,225.4749812494623,50838.96716944538,FALSE
Bagazo de caña,2015–2018,Media_ultimos_3,2015,772.2741489713304,902.3831273261767,130.10897835484627,130.10897835484627,16928.346248541857,FALSE
Bagazo de caña,2015–2018,Media_ultimos_3,2016,875.004111801577,902.3831273261767,27.37901552459971,27.37901552459971,749.6104910962719,FALSE
Bagazo de caña,2015–2018,Media_ultimos_3,2017,1081.4563674931467,902.3831273261767,-179.07324016696998,179.07324016696998,32067.22534389731,FALSE
Bagazo de caña,2015–2018,Media_ultimos_3,2018,1091.8178848885352,902.3831273261767,-189.43475756235853,189.43475756235853,35885.52737270955,FALSE
Bagazo de caña,2015–2018,missForest_con_Año,2015,772.2741489713304,891.8278628950535,119.55371392372308,119.55371392372308,14293.090512955418,FALSE
Bagazo de caña,2015–2018,missForest_con_Año,2016,875.004111801577,890.2543924048477,15.250280603270767,15.250280603270767,232.57105847849658,FALSE
Bagazo de caña,2015–2018,missForest_con_Año,2017,1081.4563674931467,889.6930457146867,-191.76332177845995,191.76332177845995,36773.17157950917,FALSE
Bagazo de caña,2015–2018,missForest_con_Año,2018,1091.8178848885352,890.8950195950524,-200.9228652934828,200.9228652934828,40369.99779774303,FALSE
Coque,2008–2011,Lineal_original,2008,1291.4601128955799,1505.7214232191327,214.26131032355283,214.26131032355283,45907.909101565805,FALSE
Coque,2008–2011,Lineal_original,2009,831.8176944353289,1683.4048882596544,851.5871938243255,851.5871938243255,725200.7486855893,FALSE
Coque,2008–2011,Lineal_original,2010,1207.084467571505,1861.0883533002343,654.0038857287293,654.0038857287293,427721.0825482768,FALSE
Coque,2008–2011,Lineal_original,2011,1238.8300018033026,2038.7718183408142,799.9418165375116,799.9418165375116,639906.9098453339,FALSE
Coque,2008–2011,Lineal_log,2008,1291.4601128955799,1959.4276246756867,667.9675117801069,667.9675117801069,446180.59679370717,FALSE
Coque,2008–2011,Lineal_log,2009,831.8176944353289,2579.100321770477,1747.282627335148,1747.282627335148,3052996.5797872175,FALSE
Coque,2008–2011,Lineal_log,2010,1207.084467571505,3394.645718622931,2187.5612510514256,2187.5612510514256,4785424.227101678,FALSE
Coque,2008–2011,Lineal_log,2011,1238.8300018033026,4467.977329723106,3229.1473279198035,3229.1473279198035,10427392.465411607,FALSE
Coque,2008–2011,Media_ultimos_3,2008,1291.4601128955799,1180.8871571277411,-110.57295576783872,110.57295576783872,12226.378547236418,FALSE
Coque,2008–2011,Media_ultimos_3,2009,831.8176944353289,1180.8871571277411,349.06946269241223,349.06946269241223,121849.48978436938,FALSE
Coque,2008–2011,Media_ultimos_3,2010,1207.084467571505,1180.8871571277411,-26.197310443763854,26.197310443763854,686.2990744869387,FALSE
Coque,2008–2011,Media_ultimos_3,2011,1238.8300018033026,1180.8871571277411,-57.942844675561446,57.942844675561446,3357.3732490962393,FALSE
Coque,2008–2011,missForest_con_Año,2008,1291.4601128955799,699.203010116749,-592.2571027788308,592.2571027788308,350768.4757919746,FALSE
Coque,2008–2011,missForest_con_Año,2009,831.8176944353289,699.203010116749,-132.61468431857986,132.61468431857986,17586.65449691659,FALSE
Coque,2008–2011,missForest_con_Año,2010,1207.084467571505,699.203010116749,-507.88145745475595,507.88145745475595,257943.57482636708,FALSE
Coque,2008–2011,missForest_con_Año,2011,1238.8300018033026,699.203010116749,-539.6269916865535,539.6269916865535,291197.2901566797,FALSE
Coque,2009–2012,Lineal_original,2009,831.8176944353289,1588.1776392270694,756.3599447917405,756.3599447917405,572080.3660853648,FALSE
Coque,2009–2012,Lineal_original,2010,1207.084467571505,1751.5770169128082,544.4925493413032,544.4925493413032,296472.1362881915,FALSE
Coque,2009–2012,Lineal_original,2011,1238.8300018033026,1914.9763945984887,676.1463927951861,676.1463927951861,457173.9444899421,FALSE
Coque,2009–2012,Lineal_original,2012,1199.2191818581416,2078.3757722842274,879.1565904260858,879.1565904260858,772916.3104896204,FALSE
Coque,2009–2012,Lineal_log,2009,831.8176944353289,2142.9844487108253,1311.1667542754963,1311.1667542754963,1719158.2575173397,FALSE
Coque,2009–2012,Lineal_log,2010,1207.084467571505,2743.3858150887886,1536.3013475172836,1536.3013475172836,2360221.8303834214,FALSE
Coque,2009–2012,Lineal_log,2011,1238.8300018033026,3511.923569286768,2273.0935674834654,2273.0935674834654,5166954.366534708,FALSE
Coque,2009–2012,Lineal_log,2012,1199.2191818581416,4495.682622319715,3296.4634404615736,3296.4634404615736,10866671.214299755,FALSE
Coque,2009–2012,Media_ultimos_3,2009,831.8176944353289,1339.3109604946872,507.49326605935823,507.49326605935823,257549.41509559457,FALSE
Coque,2009–2012,Media_ultimos_3,2010,1207.084467571505,1339.3109604946872,132.22649292318215,132.22649292318215,17483.84543076434,FALSE
Coque,2009–2012,Media_ultimos_3,2011,1238.8300018033026,1339.3109604946872,100.48095869138456,100.48095869138456,10096.42305953973,FALSE
Coque,2009–2012,Media_ultimos_3,2012,1199.2191818581416,1339.3109604946872,140.09177863654554,140.09177863654554,19625.70644155088,FALSE
Coque,2009–2012,missForest_con_Año,2009,831.8176944353289,761.4367648374791,-70.38092959784979,70.38092959784979,4953.475251057488,FALSE
Coque,2009–2012,missForest_con_Año,2010,1207.084467571505,761.4367648374791,-445.64770273402587,445.64770273402587,198601.87495211468,FALSE
Coque,2009–2012,missForest_con_Año,2011,1238.8300018033026,761.4367648374791,-477.39323696582346,477.39323696582346,227904.30270070687,FALSE
Coque,2009–2012,missForest_con_Año,2012,1199.2191818581416,761.4367648374791,-437.7824170206625,437.7824170206625,191653.44465245324,FALSE
Coque,2010–2013,Lineal_original,2010,1207.084467571505,1449.0330389961018,241.94857142459682,241.94857142459682,58539.11121440323,FALSE
Coque,2010–2013,Lineal_original,2011,1238.8300018033026,1571.1764196931617,332.34641788985914,332.34641788985914,110454.14148422089,FALSE
Coque,2010–2013,Lineal_original,2012,1199.2191818581416,1693.3198003902216,494.10061853208003,494.10061853208003,244135.42123378406,FALSE
Coque,2010–2013,Lineal_original,2013,1207.1568969853242,1815.4631810872816,608.3062841019573,608.3062841019573,370036.5352779312,FALSE
Coque,2010–2013,Lineal_log,2010,1207.084467571505,1879.0806995980824,671.9962320265774,671.9962320265774,451578.9358579177,FALSE
Coque,2010–2013,Lineal_log,2011,1238.8300018033026,2284.5974996566556,1045.767497853353,1045.767497853353,1093629.6595664627,FALSE
Coque,2010–2013,Lineal_log,2012,1199.2191818581416,2777.5806915381427,1578.361509680001,1578.361509680001,2491225.055239332,FALSE
Coque,2010–2013,Lineal_log,2013,1207.1568969853242,3376.896003363832,2169.7391063785076,2169.7391063785076,4707767.789748205,FALSE
Coque,2010–2013,Media_ultimos_3,2010,1207.084467571505,1151.4311688485204,-55.65329872298457,55.65329872298457,3097.289658749756,FALSE
Coque,2010–2013,Media_ultimos_3,2011,1238.8300018033026,1151.4311688485204,-87.39883295478216,87.39883295478216,7638.556001857917,FALSE
Coque,2010–2013,Media_ultimos_3,2012,1199.2191818581416,1151.4311688485204,-47.78801300962118,47.78801300962118,2283.6941874077233,FALSE
Coque,2010–2013,Media_ultimos_3,2013,1207.1568969853242,1151.4311688485204,-55.72572813680381,55.72572813680381,3105.356776376968,FALSE
Coque,2010–2013,missForest_con_Año,2010,1207.084467571505,890.3664548485026,-316.7180127230024,316.7180127230024,100310.29958320792,FALSE
Coque,2010–2013,missForest_con_Año,2011,1238.8300018033026,906.7353733931794,-332.09462841012316,332.09462841012316,110286.84221885778,FALSE
Coque,2010–2013,missForest_con_Año,2012,1199.2191818581416,877.2570241936628,-321.9621576644788,321.9621576644788,103659.63096796672,FALSE
Coque,2010–2013,missForest_con_Año,2013,1207.1568969853242,905.7614723471085,-301.3954246382158,301.3954246382158,90839.20199285042,FALSE
Coque,2011–2014,Lineal_original,2011,1238.8300018033026,1483.195120993274,244.36511918997144,244.36511918997144,59714.311476728944,FALSE
Coque,2011–2014,Lineal_original,2012,1199.2191818581416,1594.3408393528662,395.12165749472456,395.12165749472456,156121.1242213784,FALSE
Coque,2011–2014,Lineal_original,2013,1207.1568969853242,1705.4865577124583,498.32966072713407,498.32966072713407,248332.45076042056,FALSE
Coque,2011–2014,Lineal_original,2014,1432.8434236652383,1816.6322760720213,383.788852406783,383.788852406783,147293.88323171547,FALSE
Coque,2011–2014,Lineal_log,2011,1238.8300018033026,1945.0445309387978,706.2145291354952,706.2145291354952,498738.96116206923,FALSE
Coque,2011–2014,Lineal_log,2012,1199.2191818581416,2317.7032076167407,1118.484025758599,1118.484025758599,1251006.5158771623,FALSE
Coque,2011–2014,Lineal_log,2013,1207.1568969853242,2761.7243259530287,1554.5674289677045,1554.5674289677045,2416679.8912072587,FALSE
Coque,2011–2014,Lineal_log,2014,1432.8434236652383,3290.773468954557,1857.9300452893185,1857.9300452893185,3451904.053188769,FALSE
Coque,2011–2014,Media_ultimos_3,2011,1238.8300018033026,1110.1207583008045,-128.7092435024981,128.7092435024981,16566.069362985352,FALSE
Coque,2011–2014,Media_ultimos_3,2012,1199.2191818581416,1110.1207583008045,-89.09842355733713,89.09842355733713,7938.529080402648,FALSE
Coque,2011–2014,Media_ultimos_3,2013,1207.1568969853242,1110.1207583008045,-97.03613868451976,97.03613868451976,9416.012210801351,FALSE
Coque,2011–2014,Media_ultimos_3,2014,1432.8434236652383,1110.1207583008045,-322.72266536443385,322.72266536443385,104149.91873992435,FALSE
Coque,2011–2014,missForest_con_Año,2011,1238.8300018033026,1028.849393211146,-209.9806085921566,209.9806085921566,44091.85598473247,FALSE
Coque,2011–2014,missForest_con_Año,2012,1199.2191818581416,934.2404689991098,-264.9787128590318,264.9787128590318,70213.71826842923,FALSE
Coque,2011–2014,missForest_con_Año,2013,1207.1568969853242,1023.4955336624896,-183.66136332283463,183.66136332283463,33731.49637760226,FALSE
Coque,2011–2014,missForest_con_Año,2014,1432.8434236652383,1076.9780316838342,-355.8653919814042,355.8653919814042,126640.17721007844,FALSE
Coque,2012–2015,Lineal_original,2012,1199.2191818581416,1512.8857996228617,313.66661776472006,313.66661776472006,98386.747099959,FALSE
Coque,2012–2015,Lineal_original,2013,1207.1568969853242,1614.6328595520754,407.47596256675115,407.47596256675115,166036.6600697004,FALSE
Coque,2012–2015,Lineal_original,2014,1432.8434236652383,1716.379919481289,283.5364958160508,283.5364958160508,80392.94445964538,FALSE
Coque,2012–2015,Lineal_original,2015,1709.9853514527786,1818.1269794105028,108.14162795772427,108.14162795772427,11694.61169734685,FALSE
Coque,2012–2015,Lineal_log,2012,1199.2191818581416,1994.1778678653075,794.9586860071659,794.9586860071659,631959.3124582397,FALSE
Coque,2012–2015,Lineal_log,2013,1207.1568969853242,2335.380638268273,1128.2237412829486,1128.2237412829486,1272888.8103944936,FALSE
Coque,2012–2015,Lineal_log,2014,1432.8434236652383,2734.9337604900106,1302.0903368247723,1302.0903368247723,1695439.245252449,FALSE
Coque,2012–2015,Lineal_log,2015,1709.9853514527786,3202.8159447069893,1492.8305932542107,1492.8305932542107,2228543.1801557187,FALSE
Coque,2012–2015,Media_ultimos_3,2012,1199.2191818581416,1092.577387936712,-106.64179392142955,106.64179392142955,11372.472210780648,FALSE
Coque,2012–2015,Media_ultimos_3,2013,1207.1568969853242,1092.577387936712,-114.57950904861218,114.57950904861218,13128.463893821001,FALSE
Coque,2012–2015,Media_ultimos_3,2014,1432.8434236652383,1092.577387936712,-340.2660357285263,340.2660357285263,115780.97507040673,FALSE
Coque,2012–2015,Media_ultimos_3,2015,1709.9853514527786,1092.577387936712,-617.4079635160665,617.4079635160665,381192.5934130565,FALSE
Coque,2012–2015,missForest_con_Año,2012,1199.2191818581416,1002.9501079366174,-196.26907392152418,196.26907392152418,38521.54937801272,FALSE
Coque,2012–2015,missForest_con_Año,2013,1207.1568969853242,1090.2704421389287,-116.88645484639551,116.88645484639551,13662.443326558456,FALSE
Coque,2012–2015,missForest_con_Año,2014,1432.8434236652383,1086.9051396851976,-345.93828398004075,345.93828398004075,119673.29632305531,FALSE
Coque,2012–2015,missForest_con_Año,2015,1709.9853514527786,1067.5672863483403,-642.4180651044383,642.4180651044383,412700.9703725303,FALSE
Coque,2013–2016,Lineal_original,2013,1207.1568969853242,1518.120054086001,310.96315710067665,310.96315710067665,96698.08507402011,FALSE
Coque,2013–2016,Lineal_original,2014,1432.8434236652383,1609.5264562866942,176.68303262145582,176.68303262145582,31216.89401631442,FALSE
Coque,2013–2016,Lineal_original,2015,1709.9853514527786,1700.9328584873874,-9.052492965391139,9.052492965391139,81.94762888845605,FALSE
Coque,2013–2016,Lineal_original,2016,1405.4582387263265,1792.3392606881098,386.8810219617833,386.8810219617833,149676.92515419386,FALSE
Coque,2013–2016,Lineal_log,2013,1207.1568969853242,1997.1561668584345,789.9992698731103,789.9992698731103,624098.8464000473,FALSE
Coque,2013–2016,Lineal_log,2014,1432.8434236652383,2299.9908376558847,867.1474139906463,867.1474139906463,751944.6375906654,FALSE
Coque,2013–2016,Lineal_log,2015,1709.9853514527786,2648.722240329496,938.7368888767173,938.7368888767173,881226.9465379383,FALSE
Coque,2013–2016,Lineal_log,2016,1405.4582387263265,3050.3063485506873,1644.8481098243608,1644.8481098243608,2705525.3043927723,FALSE
Coque,2013–2016,Media_ultimos_3,2013,1207.1568969853242,1215.044550410983,7.887653425658755,7.887653425658755,62.21507656330629,FALSE
Coque,2013–2016,Media_ultimos_3,2014,1432.8434236652383,1215.044550410983,-217.79887325425534,217.79887325425534,47436.34919082318,FALSE
Coque,2013–2016,Media_ultimos_3,2015,1709.9853514527786,1215.044550410983,-494.94080104179557,494.94080104179557,244966.39653589425,FALSE
Coque,2013–2016,Media_ultimos_3,2016,1405.4582387263265,1215.044550410983,-190.4136883153435,190.4136883153435,36257.372697852785,FALSE
Coque,2013–2016,missForest_con_Año,2013,1207.1568969853242,1125.8015806403378,-81.35531634498648,81.35531634498648,6618.687497592824,FALSE
Coque,2013–2016,missForest_con_Año,2014,1432.8434236652383,1127.0014533309381,-305.8419703343002,305.8419703343002,93539.31081796695,FALSE
Coque,2013–2016,missForest_con_Año,2015,1709.9853514527786,1093.7528580460162,-616.2324934067624,616.2324934067624,379742.48593031545,FALSE
Coque,2013–2016,missForest_con_Año,2016,1405.4582387263265,1100.5189390768858,-304.9392996494407,304.9392996494407,92987.9764706914,FALSE
Coque,2014–2017,Lineal_original,2014,1432.8434236652383,1520.679839972232,87.83641630699367,87.83641630699367,7715.236029655503,FALSE
Coque,2014–2017,Lineal_original,2015,1709.9853514527786,1603.2015805414994,-106.78377091127913,106.78377091127913,11402.773730032544,FALSE
Coque,2014–2017,Lineal_original,2016,1405.4582387263265,1685.7233211107377,280.26508238441124,280.26508238441124,78548.51640394083,FALSE
Coque,2014–2017,Lineal_original,2017,1305.844160971675,1768.2450616800052,462.40090070833025,462.40090070833025,213814.5929758751,FALSE
Coque,2014–2017,Lineal_log,2014,1432.8434236652383,1991.8957355953587,559.0523119301204,559.0523119301204,312539.4874744126,FALSE
Coque,2014–2017,Lineal_log,2015,1709.9853514527786,2261.1792180962325,551.1938666434539,551.1938666434539,303814.6786253617,FALSE
Coque,2014–2017,Lineal_log,2016,1405.4582387263265,2566.848745613149,1161.3905068868223,1161.3905068868223,1348827.90948683,FALSE
Coque,2014–2017,Lineal_log,2017,1305.844160971675,2913.8208628210946,1607.9767018494197,1607.9767018494197,2585589.0736905374,FALSE
Coque,2014–2017,Media_ultimos_3,2014,1432.8434236652383,1215.0686935489227,-217.7747301163156,217.7747301163156,47425.83307723409,FALSE
Coque,2014–2017,Media_ultimos_3,2015,1709.9853514527786,1215.0686935489227,-494.9166579038558,494.9166579038558,244942.49827072225,FALSE
Coque,2014–2017,Media_ultimos_3,2016,1405.4582387263265,1215.0686935489227,-190.38954517740376,190.38954517740376,36248.17891285867,FALSE
Coque,2014–2017,Media_ultimos_3,2017,1305.844160971675,1215.0686935489227,-90.77546742275217,90.77546742275217,8240.18548581914,FALSE
Coque,2014–2017,missForest_con_Año,2014,1432.8434236652383,1126.7662408378396,-306.0771828273987,306.0771828273987,93683.24184755686,FALSE
Coque,2014–2017,missForest_con_Año,2015,1709.9853514527786,1108.1508133876546,-601.834538065124,601.834538065124,362204.8112080612,FALSE
Coque,2014–2017,missForest_con_Año,2016,1405.4582387263265,1112.1960282675527,-293.2622104587738,293.2622104587738,86002.72408316612,FALSE
Coque,2014–2017,missForest_con_Año,2017,1305.844160971675,1116.8550571190283,-188.98910385264662,188.98910385264662,35716.88137502645,FALSE
Coque,2015–2018,Lineal_original,2015,1709.9853514527786,1579.7785361929855,-130.20681525979307,130.20681525979307,16953.81474009788,FALSE
Coque,2015–2018,Lineal_original,2016,1405.4582387263265,1660.104366354557,254.6461276282305,254.6461276282305,64844.65031605305,FALSE
Coque,2015–2018,Lineal_original,2017,1305.844160971675,1740.4301965161285,434.5860355444536,434.5860355444536,188865.02229024508,FALSE
Coque,2015–2018,Lineal_original,2018,1746.857666693877,1820.7560266777,73.89835998382296,73.89835998382296,5460.967608298686,FALSE
Coque,2015–2018,Lineal_log,2015,1709.9853514527786,2071.040541680885,361.0551902281063,361.0551902281063,130360.85039065404,FALSE
Coque,2015–2018,Lineal_log,2016,1405.4582387263265,2331.7387725651415,926.280533838815,926.280533838815,857995.6273687201,FALSE
Coque,2015–2018,Lineal_log,2017,1305.844160971675,2625.2373112711007,1319.3931502994258,1319.3931502994258,1740798.2850570432,FALSE
Coque,2015–2018,Lineal_log,2018,1746.857666693877,2955.6629989727494,1208.8053322788724,1208.8053322788724,1461210.331345835,FALSE
Coque,2015–2018,Media_ultimos_3,2015,1709.9853514527786,1279.739834169568,-430.2455172832106,430.2455172832106,185111.20514229746,FALSE
Coque,2015–2018,Media_ultimos_3,2016,1405.4582387263265,1279.739834169568,-125.71840455675851,125.71840455675851,15805.1172442968,FALSE
Coque,2015–2018,Media_ultimos_3,2017,1305.844160971675,1279.739834169568,-26.104326802106925,26.104326802106925,681.435877791198,FALSE
Coque,2015–2018,Media_ultimos_3,2018,1746.857666693877,1279.739834169568,-467.11783252430905,467.11783252430905,218199.06946220843,FALSE
Coque,2015–2018,missForest_con_Año,2015,1709.9853514527786,1144.0261909075057,-565.9591605452729,565.9591605452729,320309.77140510996,FALSE
Coque,2015–2018,missForest_con_Año,2016,1405.4582387263265,1137.9142365248758,-267.54400220145067,267.54400220145067,71579.79311396983,FALSE
Coque,2015–2018,missForest_con_Año,2017,1305.844160971675,1167.5978761201166,-138.24628485155836,138.24628485155836,19112.035275258215,FALSE
Coque,2015–2018,missForest_con_Año,2018,1746.857666693877,1137.9305590138883,-608.9271076799887,608.9271076799887,370792.22246751655,FALSE
Leña,2008–2011,Lineal_original,2008,1712.813811397463,1693.1902187133494,-19.623592684113646,19.623592684113646,385.0853898319986,FALSE
Leña,2008–2011,Lineal_original,2009,1665.6242816325541,1693.1940717204704,27.569790087916317,27.569790087916317,760.0933254917688,FALSE
Leña,2008–2011,Lineal_original,2010,1684.822603392897,1693.1979247275915,8.37532133469449,8.37532133469449,70.1460074593887,FALSE
Leña,2008–2011,Lineal_original,2011,1671.4224464627698,1693.2017777347126,21.779331271942738,21.779331271942738,474.3392706530229,FALSE
Leña,2008–2011,Lineal_log,2008,1712.813811397463,1692.779233944952,-20.03457745251103,20.03457745251103,401.38429370066336,FALSE
Leña,2008–2011,Lineal_log,2009,1665.6242816325541,1692.7730135378338,27.148731905279647,27.148731905279647,737.053644064749,FALSE
Leña,2008–2011,Lineal_log,2010,1684.822603392897,1692.7667931535584,7.944189760661402,7.944189760661402,63.110150953397465,FALSE
Leña,2008–2011,Lineal_log,2011,1671.4224464627698,1692.760572792129,21.338126329359284,21.338126329359284,455.3156352476959,FALSE
Leña,2008–2011,Media_ultimos_3,2008,1712.813811397463,1708.8515790963902,-3.962232301072845,3.962232301072845,15.699284807665013,FALSE
Leña,2008–2011,Media_ultimos_3,2009,1665.6242816325541,1708.8515790963902,43.22729746383607,43.22729746383607,1868.599246026968,FALSE
Leña,2008–2011,Media_ultimos_3,2010,1684.822603392897,1708.8515790963902,24.028975703493188,24.028975703493188,577.391673359066,FALSE
Leña,2008–2011,Media_ultimos_3,2011,1671.4224464627698,1708.8515790963902,37.429132633620384,37.429132633620384,1400.9399697051463,FALSE
Leña,2008–2011,missForest_con_Año,2008,1712.813811397463,1693.0793092434521,-19.734502154010897,19.734502154010897,389.45057526666073,FALSE
Leña,2008–2011,missForest_con_Año,2009,1665.6242816325541,1693.0793092434521,27.455027610898014,27.455027610898014,753.7785411151723,FALSE
Leña,2008–2011,missForest_con_Año,2010,1684.822603392897,1693.0793092434521,8.256705850555136,8.256705850555136,68.17319150259141,FALSE
Leña,2008–2011,missForest_con_Año,2011,1671.4224464627698,1693.0793092434521,21.65686278068233,21.65686278068233,469.01970550130363,FALSE
Leña,2009–2012,Lineal_original,2009,1665.6242816325541,1701.9156684689729,36.291386836418724,36.291386836418724,1317.0647585105862,FALSE
Leña,2009–2012,Lineal_original,2010,1684.822603392897,1703.2277609883695,18.405157595472474,18.405157595472474,338.7498261141781,FALSE
Leña,2009–2012,Lineal_original,2011,1671.4224464627698,1704.5398535077666,33.11740704499675,33.11740704499675,1096.7626493840005,FALSE
Leña,2009–2012,Lineal_original,2012,1655.5373374109179,1705.8519460271632,50.31460861624532,50.31460861624532,2531.559840205948,FALSE
Leña,2009–2012,Lineal_log,2009,1665.6242816325541,1701.6481594364243,36.023877803870164,36.023877803870164,1297.7197720281695,FALSE
Leña,2009–2012,Lineal_log,2010,1684.822603392897,1702.9771785192977,18.154575126400687,18.154575126400687,329.5885980201265,FALSE
Leña,2009–2012,Lineal_log,2011,1671.4224464627698,1704.307234981331,32.88478851856121,32.88478851856121,1081.409315910495,FALSE
Leña,2009–2012,Lineal_log,2012,1655.5373374109179,1705.6383296322674,50.10099222134954,50.10099222134954,2510.109421563727,FALSE
Leña,2009–2012,Media_ultimos_3,2009,1665.6242816325541,1721.1214572501424,55.497175617588255,55.497175617588255,3079.9365015294325,FALSE
Leña,2009–2012,Media_ultimos_3,2010,1684.822603392897,1721.1214572501424,36.298853857245376,36.298853857245376,1317.6067913496574,FALSE
Leña,2009–2012,Media_ultimos_3,2011,1671.4224464627698,1721.1214572501424,49.69901078737257,49.69901078737257,2469.9916732433753,FALSE
Leña,2009–2012,Media_ultimos_3,2012,1655.5373374109179,1721.1214572501424,65.58411983922451,65.58411983922451,4301.276775085762,FALSE
Leña,2009–2012,missForest_con_Año,2009,1665.6242816325541,1695.6672382413433,30.042956608789154,30.042956608789154,902.5792417975879,FALSE
Leña,2009–2012,missForest_con_Año,2010,1684.822603392897,1695.6672382413433,10.844634848446276,10.844634848446276,117.60610499613539,FALSE
Leña,2009–2012,missForest_con_Año,2011,1671.4224464627698,1695.6672382413433,24.24479177857347,24.24479177857347,587.8099283863838,FALSE
Leña,2009–2012,missForest_con_Año,2012,1655.5373374109179,1695.6672382413433,40.12990083042541,40.12990083042541,1610.4089406597782,FALSE
Leña,2010–2013,Lineal_original,2010,1684.822603392897,1688.7112062537997,3.8886028609026653,3.8886028609026653,15.121232209820393,FALSE
Leña,2010–2013,Lineal_original,2011,1671.4224464627698,1688.0437685821187,16.62132211934886,16.62132211934886,276.2683489951557,FALSE
Leña,2010–2013,Lineal_original,2012,1655.5373374109179,1687.3763309104377,31.838993499519802,31.838993499519802,1013.7215070624642,FALSE
Leña,2010–2013,Lineal_original,2013,1661.599966611542,1686.7088932387567,25.108926627214714,25.108926627214714,630.4581963708521,FALSE
Leña,2010–2013,Lineal_log,2010,1684.822603392897,1688.4637999298657,3.641196536968664,3.641196536968664,13.258312220832591,FALSE
Leña,2010–2013,Lineal_log,2011,1671.4224464627698,1687.811494671252,16.38904820848211,16.38904820848211,268.6009011799506,FALSE
Leña,2010–2013,Lineal_log,2012,1655.5373374109179,1687.1594412689672,31.622103858049286,31.622103858049286,999.9574524092556,FALSE
Leña,2010–2013,Lineal_log,2013,1661.599966611542,1686.507639625769,24.90767301422693,24.90767301422693,620.3921749836485,FALSE
Leña,2010–2013,Media_ultimos_3,2010,1684.822603392897,1704.6790694224956,19.85646602959855,19.85646602959855,394.2792431846012,FALSE
Leña,2010–2013,Media_ultimos_3,2011,1671.4224464627698,1704.6790694224956,33.256622959725746,33.256622959725746,1106.0029706853577,FALSE
Leña,2010–2013,Media_ultimos_3,2012,1655.5373374109179,1704.6790694224956,49.14173201157769,49.14173201157769,2414.909825097719,FALSE
Leña,2010–2013,Media_ultimos_3,2013,1661.599966611542,1704.6790694224956,43.0791028109536,43.0791028109536,1855.8090989967104,FALSE
Leña,2010–2013,missForest_con_Año,2010,1684.822603392897,1694.2439568022926,9.421353409395579,9.421353409395579,88.76190006472969,FALSE
Leña,2010–2013,missForest_con_Año,2011,1671.4224464627698,1695.130505565677,23.7080591029071,23.7080591029071,562.0720664269362,FALSE
Leña,2010–2013,missForest_con_Año,2012,1655.5373374109179,1691.1436644884443,35.60632707752643,35.60632707752643,1267.8105279517918,FALSE
Leña,2010–2013,missForest_con_Año,2013,1661.599966611542,1693.6952006540014,32.095234042459424,32.095234042459424,1030.1040482402464,FALSE
Leña,2011–2014,Lineal_original,2011,1671.4224464627698,1686.6297311781543,15.207284715384503,15.207284715384503,231.26150841476712,FALSE
Leña,2011–2014,Lineal_original,2012,1655.5373374109179,1685.7855388309777,30.248201420059786,30.248201420059786,914.9536891485069,FALSE
Leña,2011–2014,Lineal_original,2013,1661.599966611542,1684.941346483801,23.34137987225904,23.34137987225904,544.8200143410994,FALSE
Leña,2011–2014,Lineal_original,2014,1696.6699087148481,1684.0971541366243,-12.572754578223794,12.572754578223794,158.07415768424738,FALSE
Leña,2011–2014,Lineal_log,2011,1671.4224464627698,1686.4870257198932,15.064579257123341,15.064579257123341,226.94154819415084,FALSE
Leña,2011–2014,Lineal_log,2012,1655.5373374109179,1685.6700620253932,30.132724614475364,30.132724614475364,907.9810926918095,FALSE
Leña,2011–2014,Lineal_log,2013,1661.599966611542,1684.8534938478176,23.25352723627566,23.25352723627566,540.7265289282138,FALSE
Leña,2011–2014,Lineal_log,2014,1696.6699087148481,1684.037320995683,-12.63258771916503,12.63258771916503,159.58227248239916,FALSE
Leña,2011–2014,Media_ultimos_3,2011,1671.4224464627698,1687.7535654743047,16.331119011534838,16.331119011534838,266.70544816891464,FALSE
Leña,2011–2014,Media_ultimos_3,2012,1655.5373374109179,1687.7535654743047,32.21622806338678,32.21622806338678,1037.88535063215,FALSE
Leña,2011–2014,Media_ultimos_3,2013,1661.599966611542,1687.7535654743047,26.153598862762692,26.153598862762692,684.010733474302,FALSE
Leña,2011–2014,Media_ultimos_3,2014,1696.6699087148481,1687.7535654743047,-8.916343240543483,8.916343240543483,79.50117678318547,FALSE
Leña,2011–2014,missForest_con_Año,2011,1671.4224464627698,1692.5936154741312,21.17116901136137,21.17116901136137,448.21839730762804,FALSE
Leña,2011–2014,missForest_con_Año,2012,1655.5373374109179,1689.476674728318,33.93933731740003,33.93933731740003,1151.8786175442624,FALSE
Leña,2011–2014,missForest_con_Año,2013,1661.599966611542,1690.7959287093988,29.195962097856864,29.195962097856864,852.4042028194946,FALSE
Leña,2011–2014,missForest_con_Año,2014,1696.6699087148481,1691.4254966240346,-5.244412090813512,5.244412090813512,27.503858178270953,FALSE
Leña,2012–2015,Lineal_original,2012,1655.5373374109179,1680.7164439258545,25.17910651493662,25.17910651493662,633.9874048905237,FALSE
Leña,2012–2015,Lineal_original,2013,1661.599966611542,1679.2873560127023,17.687389401160317,17.687389401160317,312.8437438282783,FALSE
Leña,2012–2015,Lineal_original,2014,1696.6699087148481,1677.85826809955,-18.811640615298074,18.811640615298074,353.8778226391321,FALSE
Leña,2012–2015,Lineal_original,2015,1728.2569119695847,1676.4291801863974,-51.827731783187346,51.827731783187346,2686.1137817900076,FALSE
Leña,2012–2015,Lineal_log,2012,1655.5373374109179,1680.6359566281221,25.09861921720426,25.09861921720426,629.9406866102149,FALSE
Leña,2012–2015,Lineal_log,2013,1661.599966611542,1679.242215738866,17.64224912732402,17.64224912732402,311.2489542705652,FALSE
Leña,2012–2015,Lineal_log,2014,1696.6699087148481,1677.8496299828946,-18.820278731953522,18.820278731953522,354.2028915484221,FALSE
Leña,2012–2015,Lineal_log,2015,1728.2569119695847,1676.4581984028312,-51.79871356675358,51.79871356675358,2683.106727170581,FALSE
Leña,2012–2015,Media_ultimos_3,2012,1655.5373374109179,1673.956443829407,18.419106418489037,18.419106418489037,339.263481255624,FALSE
Leña,2012–2015,Media_ultimos_3,2013,1661.599966611542,1673.956443829407,12.35647721786495,12.35647721786495,152.6825292356155,FALSE
Leña,2012–2015,Media_ultimos_3,2014,1696.6699087148481,1673.956443829407,-22.713464885441226,22.713464885441226,515.9014871021716,FALSE
Leña,2012–2015,Media_ultimos_3,2015,1728.2569119695847,1673.956443829407,-54.30046814017783,54.30046814017783,2948.5408402424673,FALSE
Leña,2012–2015,missForest_con_Año,2012,1655.5373374109179,1685.1986379751731,29.66130056425527,29.66130056425527,879.7927511630901,FALSE
Leña,2012–2015,missForest_con_Año,2013,1661.599966611542,1683.6035488580362,22.00358224649426,22.00358224649426,484.15763167823746,FALSE
Leña,2012–2015,missForest_con_Año,2014,1696.6699087148481,1686.537007912453,-10.13290080239517,10.13290080239517,102.67567867118068,FALSE
Leña,2012–2015,missForest_con_Año,2015,1728.2569119695847,1687.7495552655166,-40.507356704068116,40.507356704068116,1640.8459471506121,FALSE
Leña,2013–2016,Lineal_original,2013,1661.599966611542,1671.5399386234885,9.939972011946566,9.939972011946566,98.80304359828105,FALSE
Leña,2013–2016,Lineal_original,2014,1696.6699087148481,1669.2807702757782,-27.38913843906994,27.38913843906994,750.1649044345385,FALSE
Leña,2013–2016,Lineal_original,2015,1728.2569119695847,1667.021601928067,-61.23531004151778,61.23531004151778,3749.763195880808,FALSE
Leña,2013–2016,Lineal_original,2016,1758.12571846495,1664.7624335803566,-93.36328488459344,93.36328488459344,8716.702964441754,FALSE
Leña,2013–2016,Lineal_log,2013,1661.599966611542,1671.4857600166392,9.885793405097274,9.885793405097274,97.72891124826477,FALSE
Leña,2013–2016,Lineal_log,2014,1696.6699087148481,1669.271367616278,-27.39854109857015,27.39854109857015,750.6800543300376,FALSE
Leña,2013–2016,Lineal_log,2015,1728.2569119695847,1667.0599070995954,-61.197004869989314,61.197004869989314,3745.0734050574956,FALSE
Leña,2013–2016,Lineal_log,2016,1758.12571846495,1664.8513745847406,-93.27434388020947,93.27434388020947,8700.10322628357,FALSE
Leña,2013–2016,Media_ultimos_3,2013,1661.599966611542,1670.5941290888616,8.994162477319605,8.994162477319605,80.89495866842394,FALSE
Leña,2013–2016,Media_ultimos_3,2014,1696.6699087148481,1670.5941290888616,-26.07577962598657,26.07577962598657,679.9462831030163,FALSE
Leña,2013–2016,Media_ultimos_3,2015,1728.2569119695847,1670.5941290888616,-57.66278288072317,57.66278288072317,3324.996529549421,FALSE
Leña,2013–2016,Media_ultimos_3,2016,1758.12571846495,1670.5941290888616,-87.5315893760885,87.5315893760885,7661.77913870417,FALSE
Leña,2013–2016,missForest_con_Año,2013,1661.599966611542,1680.8187426732684,19.21877606172643,19.21877606172643,369.3613533107889,FALSE
Leña,2013–2016,missForest_con_Año,2014,1696.6699087148481,1682.029920707716,-14.63998800713216,14.63998800713216,214.3292488489735,FALSE
Leña,2013–2016,missForest_con_Año,2015,1728.2569119695847,1685.4724813996986,-42.784430569886126,42.784430569886126,1830.5074991894064,FALSE
Leña,2013–2016,missForest_con_Año,2016,1758.12571846495,1687.1595720457321,-70.96614641921792,70.96614641921792,5036.193937593876,FALSE
Leña,2014–2017,Lineal_original,2014,1696.6699087148481,1666.4407782723638,-30.229130442484347,30.229130442484347,913.8003273087339,FALSE
Leña,2014–2017,Lineal_original,2015,1728.2569119695847,1663.8976107243116,-64.35930124527317,64.35930124527317,4142.119656779821,FALSE
Leña,2014–2017,Lineal_original,2016,1758.12571846495,1661.3544431762593,-96.77127528869073,96.77127528869073,9364.679720999566,FALSE
Leña,2014–2017,Lineal_original,2017,1769.3200944646767,1658.8112756282071,-110.50881883646957,110.50881883646957,12212.199040631653,FALSE
Leña,2014–2017,Lineal_log,2014,1696.6699087148481,1666.444620021322,-30.22528869352618,30.22528869352618,913.5680766070016,FALSE
Leña,2014–2017,Lineal_log,2015,1728.2569119695847,1663.9548645624948,-64.30204740708996,64.30204740708996,4134.753300743644,FALSE
Leña,2014–2017,Lineal_log,2016,1758.12571846495,1661.4688266977441,-96.65689176720593,96.65689176720593,9342.554726097362,FALSE
Leña,2014–2017,Lineal_log,2017,1769.3200944646767,1658.9865008761224,-110.33359358855432,110.33359358855432,12173.501874164276,FALSE
Leña,2014–2017,Media_ultimos_3,2014,1696.6699087148481,1662.8532501617433,-33.816658553104844,33.816658553104844,1143.566395697279,FALSE
Leña,2014–2017,Media_ultimos_3,2015,1728.2569119695847,1662.8532501617433,-65.40366180784144,65.40366180784144,4277.638977874498,FALSE
Leña,2014–2017,Media_ultimos_3,2016,1758.12571846495,1662.8532501617433,-95.27246830320678,95.27246830320678,9076.843216585541,FALSE
Leña,2014–2017,Media_ultimos_3,2017,1769.3200944646767,1662.8532501617433,-106.4668443029334,106.4668443029334,11335.188935825061,FALSE
Leña,2014–2017,missForest_con_Año,2014,1696.6699087148481,1677.7185948270405,-18.9513138878076,18.9513138878076,359.1522980742092,FALSE
Leña,2014–2017,missForest_con_Año,2015,1728.2569119695847,1680.453492591525,-47.80341937805974,47.80341937805974,2285.166904234658,FALSE
Leña,2014–2017,missForest_con_Año,2016,1758.12571846495,1683.9624583895738,-74.16326007537623,74.16326007537623,5500.189145007894,FALSE
Leña,2014–2017,missForest_con_Año,2017,1769.3200944646767,1677.3888062431483,-91.93128822152835,91.93128822152835,8451.361754069716,FALSE
Leña,2015–2018,Lineal_original,2015,1728.2569119695847,1671.958712175639,-56.29819979394574,56.29819979394574,3169.487300039032,FALSE
Leña,2015–2018,Lineal_original,2016,1758.12571846495,1670.1712728886487,-87.9544455763014,87.9544455763014,7735.9844966345645,FALSE
Leña,2015–2018,Lineal_original,2017,1769.3200944646767,1668.3838336016584,-100.93626086301833,100.93626086301833,10188.128757007287,FALSE
Leña,2015–2018,Lineal_original,2018,1806.7168954909187,1666.5963943146685,-140.12050117625017,140.12050117625017,19633.754849883528,FALSE
Leña,2015–2018,Lineal_log,2015,1728.2569119695847,1671.94996896997,-56.30694299961465,56.30694299961465,3170.471829961853,FALSE
Leña,2015–2018,Lineal_log,2016,1758.12571846495,1670.2023776001201,-87.92334086482992,87.92334086482992,7730.513868833072,FALSE
Leña,2015–2018,Lineal_log,2017,1769.3200944646767,1668.4566117932907,-100.86348267138601,100.86348267138601,10173.442136600986,FALSE
Leña,2015–2018,Lineal_log,2018,1806.7168954909187,1666.7126696424639,-140.00422584845478,140.00422584845478,19601.183255425134,FALSE
Leña,2015–2018,Media_ultimos_3,2015,1728.2569119695847,1671.269070912436,-56.98784105714867,56.98784105714867,3247.61402835484,FALSE
Leña,2015–2018,Media_ultimos_3,2016,1758.12571846495,1671.269070912436,-86.856647552514,86.856647552514,7544.077224061637,FALSE
Leña,2015–2018,Media_ultimos_3,2017,1769.3200944646767,1671.269070912436,-98.05102355224062,98.05102355224062,9614.003219642045,FALSE
Leña,2015–2018,Media_ultimos_3,2018,1806.7168954909187,1671.269070912436,-135.4478245784826,135.4478245784826,18346.113183043395,FALSE
Leña,2015–2018,missForest_con_Año,2015,1728.2569119695847,1682.840363501917,-45.41654846766778,45.41654846766778,2062.6628747160166,FALSE
Leña,2015–2018,missForest_con_Año,2016,1758.12571846495,1684.730575330105,-73.39514313484506,73.39514313484506,5386.8470357843935,FALSE
Leña,2015–2018,missForest_con_Año,2017,1769.3200944646767,1678.0894096698005,-91.2306847948762,91.2306847948762,8323.037848142056,FALSE
Leña,2015–2018,missForest_con_Año,2018,1806.7168954909187,1681.9711192017835,-124.74577628913516,124.74577628913516,15561.508701978957,FALSE
Otros primarias,2008–2011,Lineal_original,2008,30.77949300734465,28.591476934718003,-2.188016072626649,2.188016072626649,4.787414334072545,FALSE
Otros primarias,2008–2011,Lineal_original,2009,32.946865520111025,28.949511105296438,-3.9973544148145876,3.9973544148145876,15.978842317637675,FALSE
Otros primarias,2008–2011,Lineal_original,2010,35.309018413519574,29.30754527587476,-6.001473137644815,6.001473137644815,36.017679821872306,FALSE
Otros primarias,2008–2011,Lineal_original,2011,33.52452042614235,29.665579446453194,-3.8589409796891587,3.8589409796891587,14.891425484724325,FALSE
Otros primarias,2008–2011,Lineal_log,2008,30.77949300734465,28.567031650388838,-2.2124613569558136,2.2124613569558136,4.89498525602276,FALSE
Otros primarias,2008–2011,Lineal_log,2009,32.946865520111025,28.948840181800207,-3.9980253383108177,3.9980253383108177,15.984206605775329,FALSE
Otros primarias,2008–2011,Lineal_log,2010,35.309018413519574,29.335579128830535,-5.973439284689039,5.973439284689039,35.681976887866306,FALSE
Otros primarias,2008–2011,Lineal_log,2011,33.52452042614235,29.727312159512923,-3.797208266629429,3.797208266629429,14.418790620158873,FALSE
Otros primarias,2008–2011,Media_ultimos_3,2008,30.77949300734465,28.206969419321783,-2.572523588022868,2.572523588022868,6.617877610934051,FALSE
Otros primarias,2008–2011,Media_ultimos_3,2009,32.946865520111025,28.206969419321783,-4.739896100789242,4.739896100789242,22.466615046277056,FALSE
Otros primarias,2008–2011,Media_ultimos_3,2010,35.309018413519574,28.206969419321783,-7.102048994197791,7.102048994197791,50.43909991598585,FALSE
Otros primarias,2008–2011,Media_ultimos_3,2011,33.52452042614235,28.206969419321783,-5.317551006820569,5.317551006820569,28.276348710138446,FALSE
Otros primarias,2008–2011,missForest_con_Año,2008,30.77949300734465,26.94549629182187,-3.833996715522783,3.833996715522783,14.69953081463949,FALSE
Otros primarias,2008–2011,missForest_con_Año,2009,32.946865520111025,26.94549629182187,-6.001369228289157,6.001369228289157,36.01643261425599,FALSE
Otros primarias,2008–2011,missForest_con_Año,2010,35.309018413519574,26.94549629182187,-8.363522121697706,8.363522121697706,69.94850228012689,FALSE
Otros primarias,2008–2011,missForest_con_Año,2011,33.52452042614235,26.94549629182187,-6.579024134320484,6.579024134320484,43.2835585599714,FALSE
Otros primarias,2009–2012,Lineal_original,2009,32.946865520111025,29.921962693130354,-3.0249028269806715,3.0249028269806715,9.150037112675658,FALSE
Otros primarias,2009–2012,Lineal_original,2010,35.309018413519574,30.42586460188386,-4.883153811635715,4.883153811635715,23.845191148092415,FALSE
Otros primarias,2009–2012,Lineal_original,2011,33.52452042614235,30.929766510637364,-2.594753915504988,2.594753915504988,6.732747882028467,FALSE
Otros primarias,2009–2012,Lineal_original,2012,31.048773273566866,31.433668419390983,0.38489514582411744,0.38489514582411744,0.14814427327896862,FALSE
Otros primarias,2009–2012,Lineal_log,2009,32.946865520111025,29.924918133303184,-3.0219473868078417,3.0219473868078417,9.132166008634742,FALSE
Otros primarias,2009–2012,Lineal_log,2010,35.309018413519574,30.475317760298037,-4.833700653221538,4.833700653221538,23.36466200495432,FALSE
Otros primarias,2009–2012,Lineal_log,2011,33.52452042614235,31.035513363084654,-2.4890070630576986,2.4890070630576986,6.19515615995111,FALSE
Otros primarias,2009–2012,Lineal_log,2012,31.048773273566866,31.60567928978599,0.5569060162191235,0.5569060162191235,0.31014431090105465,FALSE
Otros primarias,2009–2012,Media_ultimos_3,2009,32.946865520111025,29.685436423006564,-3.261429097104461,3.261429097104461,10.63691975543962,FALSE
Otros primarias,2009–2012,Media_ultimos_3,2010,35.309018413519574,29.685436423006564,-5.62358199051301,5.62358199051301,31.62467440402227,FALSE
Otros primarias,2009–2012,Media_ultimos_3,2011,33.52452042614235,29.685436423006564,-3.8390840031357882,3.8390840031357882,14.738565983133109,FALSE
Otros primarias,2009–2012,Media_ultimos_3,2012,31.048773273566866,29.685436423006564,-1.3633368505603016,1.3633368505603016,1.8586873680956821,FALSE
Otros primarias,2009–2012,missForest_con_Año,2009,32.946865520111025,27.46772274082802,-5.479142779283006,5.479142779283006,30.0210055957691,FALSE
Otros primarias,2009–2012,missForest_con_Año,2010,35.309018413519574,27.46772274082802,-7.841295672691555,7.841295672691555,61.4859178265713,FALSE
Otros primarias,2009–2012,missForest_con_Año,2011,33.52452042614235,27.46772274082802,-6.056797685314333,6.056797685314333,36.68479820082906,FALSE
Otros primarias,2009–2012,missForest_con_Año,2012,31.048773273566866,27.46772274082802,-3.581050532738846,3.581050532738846,12.823922918029174,FALSE
Otros primarias,2010–2013,Lineal_original,2010,35.309018413519574,31.63582573267604,-3.6731926808435347,3.6731926808435347,13.492344470602513,FALSE
Otros primarias,2010–2013,Lineal_original,2011,33.52452042614235,32.30472234108311,-1.2197980850592458,1.2197980850592458,1.487907368314203,FALSE
Otros primarias,2010–2013,Lineal_original,2012,31.048773273566866,32.973618949490174,1.924845675923308,1.924845675923308,3.7050308761206563,FALSE
Otros primarias,2010–2013,Lineal_original,2013,33.653188197084084,33.64251555789724,-0.010672639186843469,0.010672639186843469,1.1390522721254682e-4,FALSE
Otros primarias,2010–2013,Lineal_log,2010,35.309018413519574,31.67131175483385,-3.6377066586857225,3.6377066586857225,13.232909734646444,FALSE
Otros primarias,2010–2013,Lineal_log,2011,33.52452042614235,32.422331543706115,-1.1021888824362378,1.1021888824362378,1.214820332566043,FALSE
Otros primarias,2010–2013,Lineal_log,2012,31.048773273566866,33.19061512435749,2.1418418507906267,2.1418418507906267,4.5874865137982175,FALSE
Otros primarias,2010–2013,Lineal_log,2013,33.653188197084084,33.97655934186534,0.3233711447812553,0.3233711447812553,0.10456889727713957,FALSE
Otros primarias,2010–2013,Media_ultimos_3,2010,35.309018413519574,31.15627133170751,-4.152747081812063,4.152747081812063,17.245308325498602,FALSE
Otros primarias,2010–2013,Media_ultimos_3,2011,33.52452042614235,31.15627133170751,-2.368249094434841,2.368249094434841,5.608603773291444,FALSE
Otros primarias,2010–2013,Media_ultimos_3,2012,31.048773273566866,31.15627133170751,0.10749805814064572,0.10749805814064572,0.011555832504009649,FALSE
Otros primarias,2010–2013,Media_ultimos_3,2013,33.653188197084084,31.15627133170751,-2.4969168653765728,2.4969168653765728,6.23459383260197,FALSE
Otros primarias,2010–2013,missForest_con_Año,2010,35.309018413519574,29.108214977979017,-6.200803435540557,6.200803435540557,38.449963246211574,FALSE
Otros primarias,2010–2013,missForest_con_Año,2011,33.52452042614235,29.140959385272442,-4.38356104086991,4.38356104086991,19.215607399032493,FALSE
Otros primarias,2010–2013,missForest_con_Año,2012,31.048773273566866,28.878594102552295,-2.1701791710145706,2.1701791710145706,4.709677634305489,FALSE
Otros primarias,2010–2013,missForest_con_Año,2013,33.653188197084084,29.27086366649275,-4.382324530591333,4.382324530591333,19.20476829142255,FALSE
Otros primarias,2011–2014,Lineal_original,2011,33.52452042614235,33.64042877048064,0.1159083443382869,0.1159083443382869,0.013434744287242884,FALSE
Otros primarias,2011–2014,Lineal_original,2012,31.048773273566866,34.476288682562426,3.4275154089955606,3.4275154089955606,11.747861878902006,FALSE
Otros primarias,2011–2014,Lineal_original,2013,33.653188197084084,35.31214859464421,1.6589603975601293,1.6589603975601293,2.7521496006728623,FALSE
Otros primarias,2011–2014,Lineal_original,2014,33.81417532075418,36.14800850672577,2.333833185971592,2.333833185971592,5.4467773399423125,FALSE
Otros primarias,2011–2014,Lineal_log,2011,33.52452042614235,33.73031480758023,0.20579438143787598,0.20579438143787598,0.042351327431397995,FALSE
Otros primarias,2011–2014,Lineal_log,2012,31.048773273566866,34.69956204326724,3.6507887697003767,3.6507887697003767,13.32825864097039,FALSE
Otros primarias,2011–2014,Lineal_log,2013,33.653188197084084,35.695858852477905,2.0426706553938203,2.0426706553938203,4.172503406407019,FALSE
Otros primarias,2011–2014,Lineal_log,2014,33.81417532075418,36.7199601297333,2.9057848089791207,2.9057848089791207,8.443585356093825,FALSE
Otros primarias,2011–2014,Media_ultimos_3,2011,33.52452042614235,33.01179231365842,-0.5127281124839342,0.5127281124839342,0.26289011733133794,FALSE
Otros primarias,2011–2014,Media_ultimos_3,2012,31.048773273566866,33.01179231365842,1.9630190400915524,1.9630190400915524,3.8534437517619597,FALSE
Otros primarias,2011–2014,Media_ultimos_3,2013,33.653188197084084,33.01179231365842,-0.6413958834256661,0.6413958834256661,0.4113886792753907,FALSE
Otros primarias,2011–2014,Media_ultimos_3,2014,33.81417532075418,33.01179231365842,-0.8023830070957629,0.8023830070957629,0.6438184900760392,FALSE
Otros primarias,2011–2014,missForest_con_Año,2011,33.52452042614235,30.38049754239466,-3.1440228837476916,3.1440228837476916,9.88487989352915,FALSE
Otros primarias,2011–2014,missForest_con_Año,2012,31.048773273566866,30.155563387610872,-0.8932098859559936,0.8932098859559936,0.7978239003695191,FALSE
Otros primarias,2011–2014,missForest_con_Año,2013,33.653188197084084,30.638542921070798,-3.0146452760132867,3.0146452760132867,9.088086140189226,FALSE
Otros primarias,2011–2014,missForest_con_Año,2014,33.81417532075418,30.44494345134101,-3.36923186941317,3.36923186941317,11.351723389869365,FALSE
Otros primarias,2012–2015,Lineal_original,2012,31.048773273566866,34.43765256778329,3.388879294216423,3.388879294216423,11.484502870768802,FALSE
Otros primarias,2012–2015,Lineal_original,2013,33.653188197084084,35.26905446662113,1.6158662695370438,1.6158662695370438,2.6110238010275624,FALSE
Otros primarias,2012–2015,Lineal_original,2014,33.81417532075418,36.100456365459195,2.2862810447050137,2.2862810447050137,5.227081015377449,FALSE
Otros primarias,2012–2015,Lineal_original,2015,34.26052656934416,36.93185826429726,2.6713316949531034,2.6713316949531034,7.13601302446102,FALSE
Otros primarias,2012–2015,Lineal_log,2012,31.048773273566866,34.62890975793566,3.5801364843687935,3.5801364843687935,12.817377246708544,FALSE
Otros primarias,2012–2015,Lineal_log,2013,33.653188197084084,35.6148643738903,1.9616761768062148,1.9616761768062148,3.8481734226490474,FALSE
Otros primarias,2012–2015,Lineal_log,2014,33.81417532075418,36.62810319560163,2.813927874847451,2.813927874847451,7.918190084843491,FALSE
Otros primarias,2012–2015,Lineal_log,2015,34.26052656934416,37.66938125567636,3.408854686332205,3.408854686332205,11.620290272529036,FALSE
Otros primarias,2012–2015,Media_ultimos_3,2012,31.048773273566866,33.92680145325765,2.878028179690787,2.878028179690787,8.283046203094266,FALSE
Otros primarias,2012–2015,Media_ultimos_3,2013,33.653188197084084,33.92680145325765,0.2736132561735687,0.2736132561735687,0.07486421395390293,FALSE
Otros primarias,2012–2015,Media_ultimos_3,2014,33.81417532075418,33.92680145325765,0.11262613250347187,0.11262613250347187,0.012684645722689602,FALSE
Otros primarias,2012–2015,Media_ultimos_3,2015,34.26052656934416,33.92680145325765,-0.3337251160865051,0.3337251160865051,0.11137245310695132,FALSE
Otros primarias,2012–2015,missForest_con_Año,2012,31.048773273566866,31.297062916454465,0.24828964288759892,0.24828964288759892,0.0616477467652514,FALSE
Otros primarias,2012–2015,missForest_con_Año,2013,33.653188197084084,31.715820102261368,-1.937368094822716,1.937368094822716,3.7533951348370005,FALSE
Otros primarias,2012–2015,missForest_con_Año,2014,33.81417532075418,30.890049941522218,-2.9241253792319633,2.9241253792319633,8.550509233468473,FALSE
Otros primarias,2012–2015,missForest_con_Año,2015,34.26052656934416,31.216106583815186,-3.0444199855289718,3.0444199855289718,9.268493048288224,FALSE
Otros primarias,2013–2016,Lineal_original,2013,33.653188197084084,34.22632237609264,0.5731341790085551,0.5731341790085551,0.3284827871478105,FALSE
Otros primarias,2013–2016,Lineal_original,2014,33.81417532075418,34.946002979516834,1.1318276587626528,1.1318276587626528,1.281033849140148,FALSE
Otros primarias,2013–2016,Lineal_original,2015,34.26052656934416,35.66568358294103,1.4051570135968703,1.4051570135968703,1.9744662328604752,FALSE
Otros primarias,2013–2016,Lineal_original,2016,35.374974785945746,36.38536418636522,1.0103894004194771,1.0103894004194771,1.0208867404800304,FALSE
Otros primarias,2013–2016,Lineal_log,2013,33.653188197084084,34.441028382439356,0.7878401853552717,0.7878401853552717,0.6206921576606288,FALSE
Otros primarias,2013–2016,Lineal_log,2014,33.81417532075418,35.294851260819144,1.4806759400649625,1.4806759400649625,2.1924012394872605,FALSE
Otros primarias,2013–2016,Lineal_log,2015,34.26052656934416,36.16924390088217,1.9087173315380142,1.9087173315380142,3.6432018517135973,FALSE
Otros primarias,2013–2016,Lineal_log,2016,35.374974785945746,37.06470185633944,1.689727070393694,1.689727070393694,2.8551775724212556,FALSE
Otros primarias,2013–2016,Media_ultimos_3,2013,33.653188197084084,33.29410403774293,-0.3590841593411511,0.3590841593411511,0.12894143348974121,FALSE
Otros primarias,2013–2016,Media_ultimos_3,2014,33.81417532075418,33.29410403774293,-0.5200712830112479,0.5200712830112479,0.27047413941296555,FALSE
Otros primarias,2013–2016,Media_ultimos_3,2015,34.26052656934416,33.29410403774293,-0.9664225316012249,0.9664225316012249,0.9339725095865206,FALSE
Otros primarias,2013–2016,Media_ultimos_3,2016,35.374974785945746,33.29410403774293,-2.0808707482028126,2.0808707482028126,4.330023070726133,FALSE
Otros primarias,2013–2016,missForest_con_Año,2013,33.653188197084084,31.906800131900503,-1.7463880651835808,1.7463880651835808,3.049871274215651,FALSE
Otros primarias,2013–2016,missForest_con_Año,2014,33.81417532075418,31.270900198225192,-2.543275122528989,2.543275122528989,6.468248348874845,FALSE
Otros primarias,2013–2016,missForest_con_Año,2015,34.26052656934416,31.091066051928266,-3.1694605174158923,3.1694605174158923,10.045479971458215,FALSE
Otros primarias,2013–2016,missForest_con_Año,2016,35.374974785945746,31.091066051928266,-4.28390873401748,4.28390873401748,18.35187404139125,FALSE
Otros primarias,2014–2017,Lineal_original,2014,33.81417532075418,34.78225035694345,0.9680750361892692,0.9680750361892692,0.9371692756928548,FALSE
Otros primarias,2014–2017,Lineal_original,2015,34.26052656934416,35.485555698110375,1.2250291287662165,1.2250291287662165,1.5006963663257153,FALSE
Otros primarias,2014–2017,Lineal_original,2016,35.374974785945746,36.18886103927707,0.8138862533313258,0.8138862533313258,0.662410833361703,FALSE
Otros primarias,2014–2017,Lineal_original,2017,36.992257139438486,36.892166380443996,-0.10009075899449016,0.10009075899449016,0.010018160036093113,FALSE
Otros primarias,2014–2017,Lineal_log,2014,33.81417532075418,35.06247742874893,1.2483021079947463,1.2483021079947463,1.5582581528241273,FALSE
Otros primarias,2014–2017,Lineal_log,2015,34.26052656934416,35.9075586204936,1.647032051149445,1.647032051149445,2.7127145775135477,FALSE
Otros primarias,2014–2017,Lineal_log,2016,35.374974785945746,36.77244328309136,1.397468497145617,1.397468497145617,1.9529182005144294,FALSE
Otros primarias,2014–2017,Lineal_log,2017,36.992257139438486,37.65759548728618,0.665338347847694,0.665338347847694,0.442675117116699,FALSE
Otros primarias,2014–2017,Media_ultimos_3,2014,33.81417532075418,32.74216063226444,-1.0720146884897446,1.0720146884897446,1.149215492337764,FALSE
Otros primarias,2014–2017,Media_ultimos_3,2015,34.26052656934416,32.74216063226444,-1.5183659370797216,1.5183659370797216,2.305435118883981,FALSE
Otros primarias,2014–2017,Media_ultimos_3,2016,35.374974785945746,32.74216063226444,-2.6328141536813092,2.6328141536813092,6.931710367824628,FALSE
Otros primarias,2014–2017,Media_ultimos_3,2017,36.992257139438486,32.74216063226444,-4.2500965071740495,4.2500965071740495,18.063320320293055,FALSE
Otros primarias,2014–2017,missForest_con_Año,2014,33.81417532075418,31.541857516778933,-2.2723178039752483,2.2723178039752483,5.163428202262895,FALSE
Otros primarias,2014–2017,missForest_con_Año,2015,34.26052656934416,31.616228316856827,-2.6442982524873315,2.6442982524873315,6.992313248107555,FALSE
Otros primarias,2014–2017,missForest_con_Año,2016,35.374974785945746,31.562917126151333,-3.8120576597944122,3.8120576597944122,14.531783601597251,FALSE
Otros primarias,2014–2017,missForest_con_Año,2017,36.992257139438486,31.83414242563363,-5.158114713804856,5.158114713804856,26.606147400770155,FALSE
Otros primarias,2015–2018,Lineal_original,2015,34.26052656934416,35.22740235512629,0.9668757857821291,0.9668757857821291,0.9348487851318096,FALSE
Otros primarias,2015–2018,Lineal_original,2016,35.374974785945746,35.906505820388475,0.5315310344427289,0.5315310344427289,0.2825252405757574,FALSE
Otros primarias,2015–2018,Lineal_original,2017,36.992257139438486,36.585609285650435,-0.40664785378805135,0.40664785378805135,0.1653624769904284,FALSE
Otros primarias,2015–2018,Lineal_original,2018,38.94675558304294,37.26471275091262,-1.6820428321303211,1.6820428321303211,2.829268089120992,FALSE
Otros primarias,2015–2018,Lineal_log,2015,34.26052656934416,35.56246483955299,1.3019382702088294,1.3019382702088294,1.6950432594343587,FALSE
Otros primarias,2015–2018,Lineal_log,2016,35.374974785945746,36.38632174390544,1.0113469579596952,1.0113469579596952,1.0228226693743294,FALSE
Otros primarias,2015–2018,Lineal_log,2017,36.992257139438486,37.22874250060833,0.23648536116984076,0.23648536116984076,0.05592532604763003,FALSE
Otros primarias,2015–2018,Lineal_log,2018,38.94675558304294,38.09014540634917,-0.8566101766937706,0.8566101766937706,0.7337809948153329,FALSE
Otros primarias,2015–2018,Media_ultimos_3,2015,34.26052656934416,32.83871226380171,-1.4218143055424477,1.4218143055424477,2.0215559194451527,FALSE
Otros primarias,2015–2018,Media_ultimos_3,2016,35.374974785945746,32.83871226380171,-2.5362625221440354,2.5362625221440354,6.432627581232423,FALSE
Otros primarias,2015–2018,Media_ultimos_3,2017,36.992257139438486,32.83871226380171,-4.153544875636776,4.153544875636776,17.25193503392852,FALSE
Otros primarias,2015–2018,Media_ultimos_3,2018,38.94675558304294,32.83871226380171,-6.108043319241233,6.108043319241233,37.308193189727454,FALSE
Otros primarias,2015–2018,missForest_con_Año,2015,34.26052656934416,31.8988592328099,-2.361667336534257,2.361667336534257,5.577472608452812,FALSE
Otros primarias,2015–2018,missForest_con_Año,2016,35.374974785945746,31.861173523257477,-3.5138012626882684,3.5138012626882684,12.346799313669669,FALSE
Otros primarias,2015–2018,missForest_con_Año,2017,36.992257139438486,32.22611616419364,-4.766140975244845,4.766140975244845,22.71609979590788,FALSE
Otros primarias,2015–2018,missForest_con_Año,2018,38.94675558304294,31.698608538419805,-7.248147044623138,7.248147044623138,52.53563558047914,FALSE
